feature,gain,splits,perm_drop
mem_active__min,277293.97399902344,97,-0.0011425732100384112
mem_active__max,407926.5129394531,136,-0.0008187821997321931
mem_active__mean,266936.26916503906,74,0.0005883043602524785
mem_active__std,29827.84393310547,20,0.00020876340824219075
mem_active__last,123368.66696166992,49,-0.0008856817683470797
mem_active__delta,1401.06103515625,2,6.342292999172994e-06
mem_active__slope,787.1199951171875,1,1.488432210816626e-09
gpu_temp_mean__min,190845.60638427734,46,-0.0007547867377983852
gpu_temp_mean__max,75966.0678100586,35,0.0012160199436013763
gpu_temp_mean__mean,143948.08764648438,55,-0.00042026049381699293
gpu_temp_mean__std,27428.558959960938,18,-0.0002019791278657923
gpu_temp_mean__last,57782.16162109375,17,0.0008693486229595371
gpu_temp_mean__delta,0.0,0,0.0
gpu_temp_mean__slope,0.0,0,0.0
gpu_power_mean__min,215305.40716552734,33,0.0015738018889512317
gpu_power_mean__max,78558.46768188477,28,-0.00012863794029419062
gpu_power_mean__mean,342755.6011352539,19,-0.0003515685682501657
gpu_power_mean__std,22565.03564453125,7,-0.00037882340131356607
gpu_power_mean__last,4641.4639892578125,2,0.00015608755742968494
gpu_power_mean__delta,0.0,0,0.0
gpu_power_mean__slope,0.0,0,0.0
gpu_mem_used__min,217925.0888671875,87,-0.001230299854564465
gpu_mem_used__max,407399.6608886719,108,0.0012463194380881726
gpu_mem_used__mean,191513.06219482422,68,-0.0006110761463211101
gpu_mem_used__std,109732.56768798828,36,0.0013283984800525062
gpu_mem_used__last,142035.70455932617,61,-0.0004788130057209461
gpu_mem_used__delta,8368.793884277344,7,0.00029559282187896496
gpu_mem_used__slope,60487.61779785156,38,-0.00045474204590623124
gpu_fan_mean__min,1037328.1846923828,31,0.004777023961221372
gpu_fan_mean__max,104554.3257446289,40,0.0015728758170046875
gpu_fan_mean__mean,42393.356018066406,24,-6.849961643401459e-05
gpu_fan_mean__std,34098.773498535156,18,0.0008599907861302769
gpu_fan_mean__last,12450.510009765625,7,-8.674296197047626e-05
gpu_fan_mean__delta,0.0,0,0.0
gpu_fan_mean__slope,0.0,0,0.0
disk_written_rate__min,143627.5170288086,35,6.846478568914294e-05
disk_written_rate__max,24163.027221679688,10,-0.00026004174154459214
disk_written_rate__mean,6845.784912109375,8,-0.00012389294728659683
disk_written_rate__std,27853.81231689453,13,-0.00014127218289425314
disk_written_rate__last,654.7529907226562,1,7.808078881840763e-05
disk_written_rate__delta,0.0,0,0.0
disk_written_rate__slope,0.0,0,0.0
tcp_inerrs_rate__min,0.0,0,0.0
tcp_inerrs_rate__max,0.0,0,0.0
tcp_inerrs_rate__mean,0.0,0,0.0
tcp_inerrs_rate__std,0.0,0,0.0
tcp_inerrs_rate__last,0.0,0,0.0
tcp_inerrs_rate__delta,0.0,0,0.0
tcp_inerrs_rate__slope,0.0,0,0.0
forks_rate__min,278992.0974121094,55,-7.235231650154494e-05
forks_rate__max,1411.1199951171875,1,6.779458183725495e-08
forks_rate__mean,115958.68399047852,51,0.0001899315935123269
forks_rate__std,12183.68994140625,3,4.827618174157999e-05
forks_rate__last,3010.9580688476562,3,2.0046041329518927e-05
forks_rate__delta,0.0,0,0.0
forks_rate__slope,0.0,0,0.0
ctxsw_rate__min,206821.3709716797,29,0.001618549227890731
ctxsw_rate__max,78860.15673828125,34,0.000521116749217565
ctxsw_rate__mean,159130.3452758789,62,-0.001112932803131711
ctxsw_rate__std,152952.65380859375,52,-0.000572653237571219
ctxsw_rate__last,4609.050048828125,3,6.645425682283435e-05
ctxsw_rate__delta,0.0,0,0.0
ctxsw_rate__slope,647.6900024414062,1,1.1714480041558062e-06
intr_rate__min,84118.96948242188,46,-0.0005771620423705437
intr_rate__max,53105.47052001953,24,0.0007709158459676679
intr_rate__mean,348620.86584472656,72,0.004348442215357462
intr_rate__std,106291.10675048828,23,0.0005932050426942781
intr_rate__last,15332.010131835938,5,0.0003212884320415166
intr_rate__delta,0.0,0,0.0
intr_rate__slope,0.0,0,0.0
disk_read_rate__min,20102.019805908203,13,6.648688765620303e-05
disk_read_rate__max,41863.91931152344,20,0.00013939544647906255
disk_read_rate__mean,16015.868957519531,11,5.922097029475992e-05
disk_read_rate__std,0.0,0,0.0
disk_read_rate__last,3460.3169555664062,4,6.295757908614252e-06
disk_read_rate__delta,0.0,0,0.0
disk_read_rate__slope,0.0,0,0.0
disk_wcompl_rate__min,38160.640075683594,23,1.4942984816523897e-05
disk_wcompl_rate__max,42591.115295410156,28,0.00016517807649646388
disk_wcompl_rate__mean,16888.746063232422,13,-9.989615532396412e-05
disk_wcompl_rate__std,0.0,0,0.0
disk_wcompl_rate__last,1904.0230102539062,3,-7.512715899032907e-05
disk_wcompl_rate__delta,0.0,0,0.0
disk_wcompl_rate__slope,0.0,0,0.0
net_tx_rate__min,318292.345703125,125,0.003246680387174572
net_tx_rate__max,161427.42419433594,67,0.000248963815461023
net_tx_rate__mean,145222.7469482422,58,0.00039747644359178214
net_tx_rate__std,216551.19885253906,45,0.0007869602686266242
net_tx_rate__last,14371.450317382812,5,-2.6803378095574537e-05
net_tx_rate__delta,0.0,0,0.0
net_tx_rate__slope,0.0,0,0.0
net_rx_rate__min,207300.408203125,102,0.0010786412973646242
net_rx_rate__max,47609.32421875,23,-0.00012534279930775938
net_rx_rate__mean,343440.22912597656,49,-0.000748035644340117
net_rx_rate__std,172633.9024658203,25,-0.0001299810440468785
net_rx_rate__last,18130.027069091797,14,-0.0004896802417578838
net_rx_rate__delta,2721.6759643554688,5,0.00011655224579887324
net_rx_rate__slope,0.0,0,0.0
net_rxdrop_rate__min,0.0,0,0.0
net_rxdrop_rate__max,0.0,0,0.0
net_rxdrop_rate__mean,6461.076904296875,9,0.0006288246759889038
net_rxdrop_rate__std,708.405029296875,1,5.3692297814739165e-05
net_rxdrop_rate__last,0.0,0,0.0
net_rxdrop_rate__delta,0.0,0,0.0
net_rxdrop_rate__slope,0.0,0,0.0
tcp_retrans_rate__min,570.1530151367188,1,0.0
tcp_retrans_rate__max,10390.591003417969,9,0.0002575447236640993
tcp_retrans_rate__mean,11434.98910522461,9,-0.0003885193410159693
tcp_retrans_rate__std,3421.0040283203125,4,0.000490552440499531
tcp_retrans_rate__last,0.0,0,0.0
tcp_retrans_rate__delta,0.0,0,0.0
tcp_retrans_rate__slope,0.0,0,0.0
icmp_inerr_rate__min,0.0,0,0.0
icmp_inerr_rate__max,724.5430297851562,1,0.0
icmp_inerr_rate__mean,2822.1919555664062,5,-1.5262311570951592e-06
icmp_inerr_rate__std,0.0,0,0.0
icmp_inerr_rate__last,0.0,0,0.0
icmp_inerr_rate__delta,0.0,0,0.0
icmp_inerr_rate__slope,0.0,0,0.0
rapl_power__min,200260.81536865234,49,0.005538631061207666
rapl_power__max,128985.26370239258,39,0.0003400130754540043
rapl_power__mean,123849.13360595703,36,0.0010871953979397497
rapl_power__std,23470.190795898438,8,0.0001341996088914943
rapl_power__last,5827.976135253906,3,-1.4074988022638735e-05
rapl_power__delta,0.0,0,0.0
rapl_power__slope,0.0,0,0.0
gpu_duty_mean__min,83889.23034667969,27,0.0005536550726066569
gpu_duty_mean__max,171113.35522460938,50,-0.0013249112472164537
gpu_duty_mean__mean,147568.12518310547,43,2.4048356139783067e-08
gpu_duty_mean__std,57540.21697998047,28,4.159661425037764e-05
gpu_duty_mean__last,14187.659973144531,8,0.0006572320948917965
gpu_duty_mean__delta,0.0,0,0.0
gpu_duty_mean__slope,0.0,0,0.0
gpu_duty_min__min,3388.7099609375,3,-0.00017181909471417067
gpu_duty_min__max,48687.051696777344,15,-0.0009968183581577361
gpu_duty_min__mean,35054.551696777344,13,-0.00045373453633221206
gpu_duty_min__std,33407.85418701172,13,0.0004195956322342598
gpu_duty_min__last,0.0,0,0.0
gpu_duty_min__delta,0.0,0,0.0
gpu_duty_min__slope,0.0,0,0.0
gpu_temp_max__min,17534.939086914062,11,0.00010181683229107397
gpu_temp_max__max,59715.577880859375,15,0.0002455290794527165
gpu_temp_max__mean,47249.61700439453,23,0.0009933860895433577
gpu_temp_max__std,21336.018127441406,15,0.0006305126174236952
gpu_temp_max__last,4513.39501953125,2,0.00010198650219866989
gpu_temp_max__delta,1637.3510437011719,3,-9.30938298421835e-05
gpu_temp_max__slope,0.0,0,0.0
gpu_temp_spread__min,42778.25680541992,33,-0.0004489180228820222
gpu_temp_spread__max,45045.330810546875,28,-0.0005709243407646669
gpu_temp_spread__mean,128958.91650390625,49,-0.0001166221529904643
gpu_temp_spread__std,26485.118194580078,16,0.0006513065970106813
gpu_temp_spread__last,8980.29296875,7,8.873800657785424e-05
gpu_temp_spread__delta,0.0,0,0.0
gpu_temp_spread__slope,0.0,0,0.0
gpu_power_max__min,51403.851623535156,18,0.00027013138413176097
gpu_power_max__max,117782.94665527344,17,-0.0019657977117483183
gpu_power_max__mean,243573.55169677734,14,0.00099128083880054
gpu_power_max__std,56734.70770263672,21,-0.0003407730745337567
gpu_power_max__last,1100.6800537109375,1,3.4932936211096166e-05
gpu_power_max__delta,0.0,0,0.0
gpu_power_max__slope,0.0,0,0.0
gpu_power_spread__min,150117.1082458496,27,-2.2324920203931065e-05
gpu_power_spread__max,108252.5553894043,47,-9.503033579438824e-05
gpu_power_spread__mean,71583.31372070312,30,0.00015745319296600613
gpu_power_spread__std,41794.97888183594,16,-1.5512583503018984e-05
gpu_power_spread__last,990.6519775390625,1,2.587618814031689e-05
gpu_power_spread__delta,0.0,0,0.0
gpu_power_spread__slope,0.0,0,0.0
gpu_fan_max__min,41760.811950683594,27,0.0006029296121251027
gpu_fan_max__max,75553.6743774414,32,0.0004679631492176539
gpu_fan_max__mean,72665.35150146484,27,7.643875314972126e-05
gpu_fan_max__std,34837.516540527344,16,0.00014452158756250721
gpu_fan_max__last,5581.3009033203125,5,-1.0137117766567671e-05
gpu_fan_max__delta,0.0,0,0.0
gpu_fan_max__slope,0.0,0,0.0
mem_free__min,375392.1598510742,114,0.0027982350178059334
mem_free__max,496225.6712036133,125,0.004242598017648119
mem_free__mean,233856.38543701172,101,0.0013302792385972984
mem_free__std,49034.05871582031,18,0.0023878467087911637
mem_free__last,601169.1497802734,53,-0.00015452008014299468
mem_free__delta,7971.8470458984375,8,-1.3682442797757766e-05
mem_free__slope,10847.789916992188,5,0.0006945169933851303
mem_dirty__min,15234.463012695312,11,0.0001194887331360528
mem_dirty__max,7439.095031738281,8,-0.00011134882898644616
mem_dirty__mean,24568.0400390625,9,0.0002193912925032293
mem_dirty__std,0.0,0,0.0
mem_dirty__last,10804.329833984375,4,0.00021998054345728768
mem_dirty__delta,0.0,0,0.0
mem_dirty__slope,0.0,0,0.0
load1__min,327247.7614440918,60,0.0133330077365027
load1__max,52987.66354370117,29,0.0009536502763475285
load1__mean,131423.2919921875,30,0.0026308324827609697
load1__std,63082.73699951172,22,-0.0005587260705327279
load1__last,13238.999633789062,4,0.0003056408898526042
load1__delta,0.0,0,0.0
load1__slope,0.0,0,0.0
load15__min,117007.59652709961,43,0.00194938996467664
load15__max,76399.32904052734,30,-0.0004233616425455833
load15__mean,50215.379943847656,22,0.0005130491974975615
load15__std,10250.819946289062,4,0.0002926273250145328
load15__last,99153.52716064453,10,0.00027929082321692666
load15__delta,28230.553771972656,14,0.0009755422496460497
load15__slope,18901.869018554688,11,0.00047578770323197794
procs_running__min,1514.9600219726562,2,3.792291927928737e-05
procs_running__max,30028.390380859375,8,0.00019615647162785077
procs_running__mean,18643.436614990234,9,0.00010257403443439395
procs_running__std,7782.41796875,4,-0.00011688118987537854
procs_running__last,0.0,0,0.0
procs_running__delta,0.0,0,0.0
procs_running__slope,0.0,0,0.0
procs_blocked__min,0.0,0,0.0
procs_blocked__max,30986.52227783203,16,0.00019791308466768354
procs_blocked__mean,21228.376892089844,8,9.475546383666544e-05
procs_blocked__std,44750.32196044922,17,0.0007302163838255882
procs_blocked__last,0.0,0,0.0
procs_blocked__delta,0.0,0,0.0
procs_blocked__slope,0.0,0,0.0
hwmon_temp_max__min,6674.8619384765625,4,-8.570272513100385e-05
hwmon_temp_max__max,11263.070068359375,5,-1.3479098472435336e-05
hwmon_temp_max__mean,68139.0786743164,40,4.0403001983241316e-05
hwmon_temp_max__std,18501.19012451172,7,0.00012552454450967532
hwmon_temp_max__last,0.0,0,0.0
hwmon_temp_max__delta,0.0,0,0.0
hwmon_temp_max__slope,0.0,0,0.0
thermal_max__min,29851.10467529297,12,-0.0002753306673956013
thermal_max__max,1251.530029296875,1,-1.4055687065611666e-05
thermal_max__mean,44403.288024902344,25,-0.0006239840542194286
thermal_max__std,33696.966064453125,14,0.0003005617068582711
thermal_max__last,0.0,0,0.0
thermal_max__delta,0.0,0,0.0
thermal_max__slope,0.0,0,0.0
node_power__min,53323.897521972656,11,0.0006314670690657498
node_power__max,179448.44207763672,15,0.0006404355951750151
node_power__mean,67267.2904663086,31,0.0006476462174576647
node_power__std,6836.210998535156,5,-8.626948404338863e-06
node_power__last,2060.2759399414062,2,0.00020360537900113163
node_power__delta,0.0,0,0.0
node_power__slope,0.0,0,0.0
fs_avail__min,283543.15313720703,107,-0.002462278677908575
fs_avail__max,201621.61560058594,70,0.0009720884429389454
fs_avail__mean,210706.94500732422,88,0.004779029432202292
fs_avail__std,7077.041931152344,5,-0.00018706664915399407
fs_avail__last,315936.66638183594,78,0.001643416960844829
fs_avail__delta,2315.5729370117188,2,-1.0355917784976576e-06
fs_avail__slope,2365.8770141601562,2,-2.989722269342021e-05
disk_io_now__min,0.0,0,0.0
disk_io_now__max,0.0,0,0.0
disk_io_now__mean,0.0,0,0.0
disk_io_now__std,2816.43603515625,4,1.6444567108420127e-05
disk_io_now__last,0.0,0,0.0
disk_io_now__delta,0.0,0,0.0
disk_io_now__slope,0.0,0,0.0
